Keywords,Volume,CPC Medio,Keyword Difficulty,Keyword Opportunity,SA,IC
costumi piscina,1900,0.26,31,82,100,30
costumi nuoto,1300,0.31,30,59,70,10
costumi sportivi per piscina,20,0,23,86,70,0
costumi nuoto on line,20,0,17,88,70,0
costumi piscina on line,20,0,29,82,70,0
costumi piscina nuoto,20,0.18,29,83,70,0
costumi per nuotare,2900,0.34,25,84,60,0
costumi da nuoto,260,0.23,27,83,60,20
costume nuoto,170,0.5,25,84,60,10
costumi da bagno piscina,110,0.29,24,84,60,0
costumi nuoto piscina,40,0.22,35,80,60,0
costumi per il nuoto,30,0.21,29,82,60,0
costumi nuoto donna,480,0.35,28,79,55,15
costumi nuoto uomo,320,0.28,26,81,55,12
costumi nuoto bambino,210,0.22,22,85,50,8
costume nuoto professionale,90,0.45,35,75,45,25
costumi nuoto agonistico,75,0.52,38,72,40,30
